Date,Product Name,Members price ($),Non-Memebers Price ($),Package Size (lbs),Flavor,Available flavors
2024-07-08,Bodybuilding.com Signature 100% Whey Protein Powder,35.99,39.99,2,Vanilla Cream,"Vanilla Cream
Oatmeal Cookie
Chocolate Fudge
Chocolate Chip Cookie
Mint Cocoa w/Marshmallows
Mint Chocolate Chip Ice Cream
Strawberry Cream
Birthday Cake
Fruity Cereal"
2024-07-08,Bodybuilding.com Signature 100% Whey Protein Powder,35.99,39.99,2,Vanilla Cream,"Vanilla Cream
Oatmeal Cookie
Chocolate Fudge
Chocolate Chip Cookie
Mint Cocoa w/Marshmallows
Mint Chocolate Chip Ice Cream
Strawberry Cream
Birthday Cake
Fruity Cereal"
2024-07-08,Bodybuilding.com Signature 100% Whey Protein Powder,35.99,39.99,2,Vanilla Cream,"Vanilla Cream
Oatmeal Cookie
Chocolate Fudge
Chocolate Chip Cookie
Mint Cocoa w/Marshmallows
Mint Chocolate Chip Ice Cream
Strawberry Cream
Birthday Cake
Fruity Cereal"
2024-07-08,Bodybuilding.com Signature 100% Whey Protein Powder,35.99,39.99,2,Vanilla Cream,"Vanilla Cream
Oatmeal Cookie
Chocolate Fudge
Chocolate Chip Cookie
Mint Cocoa w/Marshmallows
Mint Chocolate Chip Ice Cream
Strawberry Cream
Birthday Cake
Fruity Cereal"
2024-07-08,Bodybuilding.com Signature 100% Whey Protein Powder,35.99,39.99,2,Vanilla Cream,"Vanilla Cream
Oatmeal Cookie
Chocolate Fudge
Chocolate Chip Cookie
Mint Cocoa w/Marshmallows
Mint Chocolate Chip Ice Cream
Strawberry Cream
Birthday Cake
Fruity Cereal"
2024-07-08,Bodybuilding.com Signature 100% Whey Protein Powder,35.99,39.99,2,Vanilla Cream,"Vanilla Cream
Oatmeal Cookie
Chocolate Fudge
Chocolate Chip Cookie
Mint Cocoa w/Marshmallows
Mint Chocolate Chip Ice Cream
Strawberry Cream
Birthday Cake
Fruity Cereal"
2024-07-08,Bodybuilding.com Signature 100% Whey Protein Powder,35.99,39.99,2,Vanilla Cream,"Vanilla Cream
Oatmeal Cookie
Chocolate Fudge
Chocolate Chip Cookie
Mint Cocoa w/Marshmallows
Mint Chocolate Chip Ice Cream
Strawberry Cream
Birthday Cake
Fruity Cereal"
2024-07-08,Bodybuilding.com Signature 100% Whey Protein Powder,35.99,39.99,2,Vanilla Cream,"Vanilla Cream
Oatmeal Cookie
Chocolate Fudge
Chocolate Chip Cookie
Mint Cocoa w/Marshmallows
Mint Chocolate Chip Ice Cream
Strawberry Cream
Birthday Cake
Fruity Cereal"
2024-07-08,Bodybuilding.com Signature 100% Whey Protein Powder,35.99,39.99,2,Vanilla Cream,"Vanilla Cream
Oatmeal Cookie
Chocolate Fudge
Chocolate Chip Cookie
Mint Cocoa w/Marshmallows
Mint Chocolate Chip Ice Cream
Strawberry Cream
Birthday Cake
Fruity Cereal"
2024-07-08,Bodybuilding.com Signature 100% Whey Protein Powder,35.99,39.99,2,Vanilla Cream,"Vanilla Cream
Oatmeal Cookie
Chocolate Fudge
Chocolate Chip Cookie
Mint Cocoa w/Marshmallows
Mint Chocolate Chip Ice Cream
Strawberry Cream
Birthday Cake
Fruity Cereal"
